Workbook

Sheet Sales_Data
A1: Transaction_ID | B1: Customer_ID | C1: Product_Category | D1: Sale_Amount | E1: Transaction_Date | F1: Payment_Method
A2: TXN001 | B2: CUST101 | C2: Electronics | D2: 1250.5 | E2: 2024-01-05 | F2: Credit Card
A3: TXN002 | B3: CUST102 | C3: Clothing | D3: 89.99 | E3: 2024-01-06 | F3: Debit Card
A4: TXN003 | B4: CUST103 | C4: Home & Garden | D4: 450 | E4: 2024-01-07 | F4: UPI
A5: TXN004 | B5: CUST104 | C5: Electronics | D5: 2100.75 | E5: 2024-01-08 | F5: Credit Card
A6: TXN005 | B6: CUST105 | C6: Books | D6: 34.5 | E6: 2024-01-09 | F6: Debit Card
A7: TXN006 | B7: CUST101 | C7: Clothing | D7: 120 | E7: 2024-01-10 | F7: Credit Card
A8: TXN007 | B8: CUST102 | C8: Electronics | D8: 899.99 | E8: 2024-01-11 | F8: UPI
A9: TXN008 | B9: CUST103 | C9: Books | D9: 56.75 | E9: 2024-01-12 | F9: Credit Card
A10: TXN009 | B10: CUST106 | C10: Home & Garden | D10: 750.25 | E10: 2024-01-13 | F10: Debit Card
A11: TXN010 | B11: CUST104 | C11: Clothing | D11: 199.99 | E11: 2024-01-14 | F11: Credit Card
A12: TXN011 | B12: CUST107 | C12: Electronics | D12: 1899 | E12: 2024-01-15 | F12: UPI
A13: TXN012 | B13: CUST105 | C13: Home & Garden | D13: 320 | E13: 2024-01-16 | F13: Credit Card
... A26: TXN025 | B26: CUST109 | C26: Electronics | D26: 899.5 | E26: 2024-01-29 | F26: Debit Card

Sheet Customer_Data
A1: Customer_ID | B1: Customer_Name | C1: City | D1: Registration_Date | E1: Customer_Tier
A2: CUST101 | B2: Ali Khan | C2: Karachi | D2: 2023-06-15 | E2: Premium
A3: CUST102 | B3: Sara Ahmed | C3: Lahore | D3: 2023-07-20 | E3: Standard
A4: CUST103 | B4: Hassan Ali | C4: Islamabad | D4: 2023-08-10 | E4: Premium
A5: CUST104 | B5: Fatima Malik | C5: Karachi | D5: 2023-09-05 | E5: Standard
A6: CUST105 | B6: Ahmed Hassan | C6: Lahore | D6: 2023-10-12 | E6: Standard
A7: CUST106 | B7: Zainab Khan | C7: Peshawar | D7: 2023-11-01 | E7: Premium
A8: CUST107 | B8: Muhammad Aziz | C8: Karachi | D8: 2023-12-03 | E8: Standard
A9: CUST108 | B9: Hira Ahmed | C9: Rawalpindi | D9: 2024-01-08 | E9: Standard
A10: CUST109 | B10: Bilal Khan | C10: Lahore | D10: 2024-01-15 | E10: Standard
A11: CUST110 | B11: Nida Malik | C11: Karachi | D11: 2024-01-18 | E11: Premium
A12: CUST111 | B12: Rashid Ali | C12: Islamabad | D12: 2024-01-25 | E12: Premium

Sheet Analysis
A1: Transaction_ID | B1: Customer_ID | C1: Product_Category | D1: Sale_Amount | E1: Transaction_Date | F1: Payment_Method | G1: Customer Name | H1: City | I1: Customer_Tier
A2: TXN005 | B2: CUST105 | C2: Books | D2: 34.5 | E2: 2024-01-09 | F2: Debit Card | G2: =VLOOKUP(B2,Customer_Data!A:E,2,FALSE) -> Ahmed Hassan | H2: =VLOOKUP(B2,Customer_Data!A:E,3,FALSE) -> Lahore | I2: =VLOOKUP(B2,Customer_Data!A:E,5,FALSE) -> Standard
A3: TXN022 | B3: CUST106 | C3: Books | D3: 38.5 | E3: 2024-01-26 | F3: UPI | G3: =VLOOKUP(B3,Customer_Data!A:E,2,FALSE) -> Zainab Khan | H3: =VLOOKUP(B3,Customer_Data!A:E,3,FALSE) -> Peshawar | I3: =VLOOKUP(B3,Customer_Data!A:E,5,FALSE) -> Premium
A4: TXN013 | B4: CUST108 | C4: Books | D4: 45.25 | E4: 2024-01-17 | F4: Debit Card | G4: =VLOOKUP(B4,Customer_Data!A:E,2,FALSE) -> Hira Ahmed | H4: =VLOOKUP(B4,Customer_Data!A:E,3,FALSE) -> Rawalpindi | I4: =VLOOKUP(B4,Customer_Data!A:E,5,FALSE) -> Standard
A5: TXN008 | B5: CUST103 | C5: Books | D5: 56.75 | E5: 2024-01-12 | F5: Credit Card | G5: =VLOOKUP(B5,Customer_Data!A:E,2,FALSE) -> Hassan Ali | H5: =VLOOKUP(B5,Customer_Data!A:E,3,FALSE) -> Islamabad | I5: =VLOOKUP(B5,Customer_Data!A:E,5,FALSE) -> Premium
A6: TXN018 | B6: CUST110 | C6: Books | D6: 62.99 | E6: 2024-01-22 | F6: UPI | G6: =VLOOKUP(B6,Customer_Data!A:E,2,FALSE) -> Nida Malik | H6: =VLOOKUP(B6,Customer_Data!A:E,3,FALSE) -> Karachi | I6: =VLOOKUP(B6,Customer_Data!A:E,5,FALSE) -> Premium
A7: TXN015 | B7: CUST109 | C7: Clothing | D7: 75.5 | E7: 2024-01-19 | F7: UPI | G7: =VLOOKUP(B7,Customer_Data!A:E,2,FALSE) -> Bilal Khan | H7: =VLOOKUP(B7,Customer_Data!A:E,3,FALSE) -> Lahore | I7: =VLOOKUP(B7,Customer_Data!A:E,5,FALSE) -> Standard | V7: Column1 | W7: Column2
A8: TXN002 | B8: CUST102 | C8: Clothing | D8: 89.99 | E8: 2024-01-06 | F8: Debit Card | G8: =VLOOKUP(B8,Customer_Data!A:E,2,FALSE) -> Sara Ahmed | H8: =VLOOKUP(B8,Customer_Data!A:E,3,FALSE) -> Lahore | I8: =VLOOKUP(B8,Customer_Data!A:E,5,FALSE) -> Standard | V8: Premium | W8: =SUM(L20:L23) -> 6978.99
A9: TXN020 | B9: CUST105 | C9: Clothing | D9: 95.75 | E9: 2024-01-24 | F9: Credit Card | G9: =VLOOKUP(B9,Customer_Data!A:E,2,FALSE) -> Ahmed Hassan | H9: =VLOOKUP(B9,Customer_Data!A:E,3,FALSE) -> Lahore | I9: =VLOOKUP(B9,Customer_Data!A:E,5,FALSE) -> Standard | V9: Standard | W9: =SUM(M20:M23) -> 8350.22
A10: TXN006 | B10: CUST101 | C10: Clothing | D10: 120 | E10: 2024-01-10 | F10: Credit Card | G10: =VLOOKUP(B10,Customer_Data!A:E,2,FALSE) -> Ali Khan | H10: =VLOOKUP(B10,Customer_Data!A:E,3,FALSE) -> Karachi | I10: =VLOOKUP(B10,Customer_Data!A:E,5,FALSE) -> Premium
A11: TXN023 | B11: CUST107 | C11: Clothing | D11: 140 | E11: 2024-01-27 | F11: Credit Card | G11: =VLOOKUP(B11,Customer_Data!A:E,2,FALSE) -> Muhammad Aziz | H11: =VLOOKUP(B11,Customer_Data!A:E,3,FALSE) -> Karachi | I11: =VLOOKUP(B11,Customer_Data!A:E,5,FALSE) -> Standard
A12: TXN010 | B12: CUST104 | C12: Clothing | D12: 199.99 | E12: 2024-01-14 | F12: Credit Card | G12: =VLOOKUP(B12,Customer_Data!A:E,2,FALSE) -> Fatima Malik | H12: =VLOOKUP(B12,Customer_Data!A:E,3,FALSE) -> Karachi | I12: =VLOOKUP(B12,Customer_Data!A:E,5,FALSE) -> Standard
A13: TXN012 | B13: CUST105 | C13: Home & Garden | D13: 320 | E13: 2024-01-16 | F13: Credit Card | G13: =VLOOKUP(B13,Customer_Data!A:E,2,FALSE) -> Ahmed Hassan | H13: =VLOOKUP(B13,Customer_Data!A:E,3,FALSE) -> Lahore | I13: =VLOOKUP(B13,Customer_Data!A:E,5,FALSE) -> Standard
A14: TXN019 | B14: CUST104 | C14: Home & Garden | D14: 400 | E14: 2024-01-23 | F14: Credit Card | G14: =VLOOKUP(B14,Customer_Data!A:E,2,FALSE) -> Fatima Malik | H14: =VLOOKUP(B14,Customer_Data!A:E,3,FALSE) -> Karachi | I14: =VLOOKUP(B14,Customer_Data!A:E,5,FALSE) -> Standard
A15: TXN003 | B15: CUST103 | C15: Home & Garden | D15: 450 | E15: 2024-01-07 | F15: UPI | G15: =VLOOKUP(B15,Customer_Data!A:E,2,FALSE) -> Hassan Ali | H15: =VLOOKUP(B15,Customer_Data!A:E,3,FALSE) -> Islamabad | I15: =VLOOKUP(B15,Customer_Data!A:E,5,FALSE) -> Premium
A16: TXN014 | B16: CUST101 | C16: Electronics | D16: 550 | E16: 2024-01-18 | F16: Credit Card | G16: =VLOOKUP(B16,Customer_Data!A:E,2,FALSE) -> Ali Khan | H16: =VLOOKUP(B16,Customer_Data!A:E,3,FALSE) -> Karachi | I16: =VLOOKUP(B16,Customer_Data!A:E,5,FALSE) -> Premium
A17: TXN024 | B17: CUST108 | C17: Home & Garden | D17: 550 | E17: 2024-01-28 | F17: Credit Card | G17: =VLOOKUP(B17,Customer_Data!A:E,2,FALSE) -> Hira Ahmed | H17: =VLOOKUP(B17,Customer_Data!A:E,3,FALSE) -> Rawalpindi | I17: =VLOOKUP(B17,Customer_Data!A:E,5,FALSE) -> Standard
A18: TXN016 | B18: CUST102 | C18: Home & Garden | D18: 600 | E18: 2024-01-20 | F18: Credit Card | G18: =VLOOKUP(B18,Customer_Data!A:E,2,FALSE) -> Sara Ahmed | H18: =VLOOKUP(B18,Customer_Data!A:E,3,FALSE) -> Lahore | I18: =VLOOKUP(B18,Customer_Data!A:E,5,FALSE) -> Standard | K18: Total Sales | L18: Tier | P18: Summary | S18: Summary:
A19: TXN009 | B19: CUST106 | C19: Home & Garden | D19: 750.25 | E19: 2024-01-13 | F19: Debit Card | G19: =VLOOKUP(B19,Customer_Data!A:E,2,FALSE) -> Zainab Khan | H19: =VLOOKUP(B19,Customer_Data!A:E,3,FALSE) -> Peshawar | I19: =VLOOKUP(B19,Customer_Data!A:E,5,FALSE) -> Premium | K19: Product_Category | L19: Premium | M19: Standard | N19: Grand Total | P19: Total Sales Revenue | Q19: =SUM(Table1[Sale_Amount]) -> 15329.21 | S19: This analysis covers 25 e-commerce transactions from 11 customers.
A20: TXN025 | B20: CUST109 | C20: Electronics | D20: 899.5 | E20: 2024-01-29 | F20: Debit Card | G20: =VLOOKUP(B20,Customer_Data!A:E,2,FALSE) -> Bilal Khan | H20: =VLOOKUP(B20,Customer_Data!A:E,3,FALSE) -> Lahore | I20: =VLOOKUP(B20,Customer_Data!A:E,5,FALSE) -> Standard | K20: Books | L20: 158.24 | M20: 79.75 | N20: 237.99 | P20: Average Transaction Value | Q20: =AVERAGE(Table1[Sale_Amount]) -> 613.1684 | S20: Total revenue is $15,329.21, with Electronics category leading at 73.7%
A21: TXN007 | B21: CUST102 | C21: Electronics | D21: 899.99 | E21: 2024-01-11 | F21: UPI | G21: =VLOOKUP(B21,Customer_Data!A:E,2,FALSE) -> Sara Ahmed | H21: =VLOOKUP(B21,Customer_Data!A:E,3,FALSE) -> Lahore | I21: =VLOOKUP(B21,Customer_Data!A:E,5,FALSE) -> Standard | K21: Clothing | L21: 120 | M21: 601.23 | N21: 721.23 | P21: Highest Sale Amount | Q21: =MAX(Table1[Sale_Amount]) -> 2500 | S21: of sales. Standard tier customers generate 54.4% of revenue, but Premium
A22: TXN017 | B22: CUST103 | C22: Electronics | D22: 1200 | E22: 2024-01-21 | F22: Debit Card | G22: =VLOOKUP(B22,Customer_Data!A:E,2,FALSE) -> Hassan Ali | H22: =VLOOKUP(B22,Customer_Data!A:E,3,FALSE) -> Islamabad | I22: =VLOOKUP(B22,Customer_Data!A:E,5,FALSE) -> Premium | K22: Electronics | L22: 5500.5 | M22: 5799.24 | N22: 11299.74 | P22: Lowest Sale Amount | Q22: =MIN(Table1[Sale_Amount]) -> 34.5 | S22: customers show higher average transaction value. Recommendation: Focus on
A23: TXN001 | B23: CUST101 | C23: Electronics | D23: 1250.5 | E23: 2024-01-05 | F23: Credit Card | G23: =VLOOKUP(B23,Customer_Data!A:E,2,FALSE) -> Ali Khan | H23: =VLOOKUP(B23,Customer_Data!A:E,3,FALSE) -> Karachi | I23: =VLOOKUP(B23,Customer_Data!A:E,5,FALSE) -> Premium | K23: Home & Garden | L23: 1200.25 | M23: 1870 | N23: 3070.25 | P23: Total Transactions | Q23: {=SUMPRODUCT(1/COUNTIF(B2:B26,B2:B26))} -> 11 | S23: Premium tier conversion in Electronics category.
A24: TXN011 | B24: CUST107 | C24: Electronics | D24: 1899 | E24: 2024-01-15 | F24: UPI | G24: =VLOOKUP(B24,Customer_Data!A:E,2,FALSE) -> Muhammad Aziz | H24: =VLOOKUP(B24,Customer_Data!A:E,3,FALSE) -> Karachi | I24: =VLOOKUP(B24,Customer_Data!A:E,5,FALSE) -> Standard | K24: Grand Total | L24: 6978.99 | M24: 8350.22 | N24: 15329.21 | P24: Unique Customers | Q24: {=SUMPRODUCT(1/COUNTIF(B2:B26,B2:B26))} -> 11
A25: TXN004 | B25: CUST104 | C25: Electronics | D25: 2100.75 | E25: 2024-01-08 | F25: Credit Card | G25: =VLOOKUP(B25,Customer_Data!A:E,2,FALSE) -> Fatima Malik | H25: =VLOOKUP(B25,Customer_Data!A:E,3,FALSE) -> Karachi | I25: =VLOOKUP(B25,Customer_Data!A:E,5,FALSE) -> Standard
A26: TXN021 | B26: CUST111 | C26: Electronics | D26: 2500 | E26: 2024-01-25 | F26: Debit Card | G26: =VLOOKUP(B26,Customer_Data!A:E,2,FALSE) -> Rashid Ali | H26: =VLOOKUP(B26,Customer_Data!A:E,3,FALSE) -> Islamabad | I26: =VLOOKUP(B26,Customer_Data!A:E,5,FALSE) -> Premium
D29: DATA Quality Check
D31: Missing Values: | E31: =COUNTBLANK(Table1[]) -> 0 | F31: {=IF(E31 = 0, "Data Complete", Found Missing Values)} -> Data Complete
D32: Duplicates Transactions: | F32: {=IF(COUNTA(Table1[Transaction_ID])=SUMPRODUCT(1/COUNTIF(A2:A26,A2:A26)),"No Duplicates Found","Duplicates Found")} -> No Duplicates Found
D33: Highest sale amount: | E33: =INDEX(A2:A26, MATCH(MAX(D2:D26), D2:D26, 0)) -> TXN021 | F33: =MAX(Table1[Sale_Amount]) -> 2500
D34: Lowest sale amount: | E34: =INDEX(A3:A27, MATCH(MIN(D3:D27), D3:D27, 0)) -> TXN022 | F34: =MIN(Table1[Sale_Amount]) -> 34.5
D35: OVERALL DATA QUALITY ASSESSMENT | F35: =IF(AND(E31=0, F32), "Ready for analysis", "Issues found - Review above") -> Ready for analysis
